Timestamp,Strategy,Action,Decision_Source,Price,Quantity,Amount,Position_Size,Reason,Improvement,Profit
2025-09-03 22:00:00,GemmaLearner,BUY,AI,111947.48,0.08932760255076756,10000.0,10.0,SMA50>SMA200 & MACD>0 & RSI>55,The rule-based strategy is not optimal due to the low price and neutral RSI. The improved strategy would be to enter a long position at a price above the SMA200 and MACD crossover point.,
2025-09-04 08:00:00,GemmaLearner,SELL,AI,110640.97,0.004466380127538378,,5.0,EMA12<EMA26,The rule-based strategy is not optimal due to the bearish price action and oversold RSI. The EMA crossover might be a better signal for a bullish trend.,-5.835370300430143
2025-09-04 18:00:00,GemmaLearner,SELL,AI,109977.0,0.0042430611211614596,,5.0,EMA12<EMA26,The rule-based strategy is not optimal due to the bearish price action and neutral RSI and MACD signals.,-8.360867078026153
2025-09-05 04:00:00,GemmaLearner,BUY,AI,111445.0,0.08161945691831986,9096.080376262156,10.0,SMA50>SMA200 & MACD>0 & RSI>55,The rule-based strategy is not optimal due to the low price and neutral RSI. The improved strategy would be to enter a long position at a price above the SMA200 and when the RSI is above 55.,
2025-09-05 14:00:00,GemmaLearner,BUY,AI,110569.99,0.03701941339886139,4093.23616931797,5.0,"The price is above the EMA12 and EMA26 lines, indicating a potential bullish reversal. This suggests that the rule-based strategy is likely to generate a buy signal.",The inclusion of RSI and MACD indicators helps to confirm the trend and volatility of the market.,
2025-09-06 00:00:00,GemmaLearner,SELL,RULES,110779.7,0.009962851580962448,,5.0,EMA12<EMA26,None,-7.034117995460702
2025-09-06 10:00:00,GemmaLearner,SELL,RULES,110773.62,0.009464709001914326,,5.0,EMA12<EMA26,None,-6.739957526419323
2025-09-06 20:00:00,GemmaLearner,SELL,RULES,110167.0,0.00899147355181861,,5.0,EMA12<EMA26,None,-11.85736733610252
2025-09-07 06:00:00,GemmaLearner,SELL,RULES,110504.15,0.00854189987422768,,5.0,EMA12<EMA26,None,-8.384597426701582
2025-09-07 16:00:00,GemmaLearner,BUY,RULES,111202.02,0.07361205134266756,8185.808805648346,10.0,SMA50>SMA200 & MACD>0 & RSI>55,None,
2025-09-08 02:00:00,GemmaLearner,BUY,RULES,111240.0,0.03311411329145771,3683.613962541756,5.0,EMA12>EMA26,None,
2025-09-08 12:00:00,GemmaLearner,BUY,RULES,112034.51,0.0624706309585264,6998.866528829336,10.0,SMA50>SMA200 & MACD>0 & RSI>55,None,
2025-09-08 22:00:00,GemmaLearner,BUY,RULES,112236.71,0.05612227831648311,6298.979875946403,10.0,SMA50>SMA200 & MACD>0 & RSI>55,None,
2025-09-09 08:00:00,GemmaLearner,BUY,RULES,112992.69,0.05017211191583953,5669.081888351762,10.0,SMA50>SMA200 & MACD>0 & RSI>55,None,
2025-09-09 18:00:00,GemmaLearner,SELL,RULES,111131.92,0.02188936417176501,,5.0,EMA12<EMA26,None,-13.895468371096555
2025-09-10 04:00:00,GemmaLearner,SELL,AI,111520.43,0.020794895963176758,,5.0,"The price is above the EMA26, indicating a potential downtrend. The RSI is neutral, suggesting a balanced market, while the MACD is bearish, indicating a potential bearish crossover. These factors suggest that the rule-based strategy may be overvalued.","The improved reasoning considers the price and trend dynamics, along with the RSI and MACD indicators.",-5.121669921888034
2025-09-10 14:00:00,GemmaLearner,BUY,AI,113899.99,0.04896699271244189,5577.339980277205,10.0,SMA50>SMA200 & MACD>0 & RSI>55,The rule-based strategy is not optimal. Including RSI as a factor might improve the decision.,
2025-09-11 00:00:00,GemmaLearner,BUY,AI,113885.7,0.04407582323548509,5019.605982249484,10.0,SMA50>SMA200 & MACD>0 & RSI>55,The rule-based strategy is not optimal due to the low price and negative MACD crossover. The improved strategy would be to enter a long position at a price above the SMA200 and wait for the MACD to turn bullish and RSI to recover above 55.,
2025-09-11 10:00:00,GemmaLearner,BUY,AI,114062.32,0.03960681655453383,4517.645384024536,10.0,"The price is above the SMA50 and SMA200, indicating a potential bullish trend. The MACD is also positive, suggesting a potential uptrend. The RSI is neutral, indicating a moderate amount of volatility. These factors suggest that the rule-based strategy is potentially optimal.","The improved reasoning incorporates the RSI and MACD indicators, which provide more context beyond just the price action.",
2025-09-11 20:00:00,GemmaLearner,BUY,RULES,114395.99,0.017771081161245608,2032.940422811041,5.0,EMA12>EMA26,None,
2025-09-12 06:00:00,GemmaLearner,BUY,AI,115318.0,0.0334950901276555,3862.5868033409774,10.0,"The price is above both the SMA50 and SMA200, indicating a potential bullish reversal. This suggests that the trend is likely to continue, increasing the potential profit.",The inclusion of both the SMA50 and SMA200 indicators provides a more nuanced and accurate assessment of the trend direction.,
2025-09-12 16:00:00,GemmaLearner,BUY,AI,115495.56,0.01504961802430708,1738.1640615034398,5.0,"The price is above the EMA12 and EMA26 lines, indicating a potential bullish reversal. This suggests that the rule-based strategy is likely to be optimal.",The rule-based strategy is optimized by considering both the price and the relative strength of the trend.,
2025-09-13 02:00:00,GemmaLearner,BUY,AI,115886.17,0.028497893379827253,3302.5117168565357,10.0,SMA50>SMA200 & MACD>0 & RSI>55,The rule-based strategy is not optimal due to the low price and neutral RSI. The improved strategy would be to enter a long position at a price above the SMA200 and when the RSI is above 55.,
2025-09-13 12:00:00,GemmaLearner,BUY,RULES,116002.91,0.012811146484044592,1486.1302725854412,5.0,EMA12>EMA26,None,
2025-09-13 22:00:00,GemmaLearner,BUY,AI,115871.58,0.012184383426515536,1411.823758956169,5.0,"The price is above the EMA12 and EMA26 lines, indicating a potential bullish breakout. This breakout could lead to a significant price increase.","The inclusion of RSI and MACD indicators provides a more nuanced understanding of the market context, allowing for better risk management.",
2025-09-14 08:00:00,GemmaLearner,BUY,AI,115933.4,0.023137983894345557,2682.465142016721,10.0,SMA50>SMA200 & MACD>0 & RSI>55,"The rule-based strategy is not optimal due to the low price and neutral RSI. The price is below the SMA50 and MACD crossover, indicating a potential bearish reversal. Additionally, the neutral RSI suggests a lack of strong trend direction.",
2025-09-14 18:00:00,GemmaLearner,BUY,AI,115388.21,0.010461288149868382,1207.1093139075244,5.0,"The price is above the EMA12 and EMA26 lines, indicating a potential breakout opportunity.","The rule-based strategy is not optimal as it only considers two EMA lines, which may not capture all relevant signals.",
2025-09-15 04:00:00,GemmaLearner,SELL,AI,116058.01,0.034058057022531424,,5.0,"The price is above the EMA26, indicating a potential downtrend. Additionally, the RSI is neutral, suggesting a balanced market, which could be a reason to be cautious about entering a long position.","The improved reasoning is based on the EMA crossover and RSI neutral signals, which are both relevant indicators for identifying potential downtrends.",102.82564151147436
2025-09-15 14:00:00,GemmaLearner,SELL,AI,114679.56,0.03235515417140485,,5.0,EMA12<EMA26,The rule-based strategy is not optimal due to the bearish price action and neutral RSI and MACD signals. The improved strategy would be to enter a long position at a price above the EMA26 line.,53.08439716832771
2025-09-16 00:00:00,GemmaLearner,SELL,AI,115088.66,0.03073739646283461,,5.0,EMA12<EMA26,The rule-based strategy is not optimal due to the bearish price action and neutral RSI and MACD signals. The EMA12<EMA26 condition is not met.,63.004846202856704
2025-09-16 10:00:00,GemmaLearner,BUY,AI,115372.46,0.014793733227864666,1706.789395082487,5.0,"The price is above the EMA12 and EMA26 lines, indicating a potential bullish breakout. This breakout could lead to a significant price increase.",The inclusion of RSI and MACD indicators helps identify potential entry and exit points for trading.,
2025-09-16 20:00:00,GemmaLearner,BUY,AI,116839.47,0.027755174263086997,3242.8998506567254,10.0,"The price is above both the SMA50 and SMA200, indicating a potential bullish trend. Additionally, the MACD is positive, suggesting a potential uptrend. These factors suggest that the rule-based strategy is likely to be optimal.","The improved reasoning is based on the addition of the RSI metric, which provides a more comprehensive view of market sentiment.",
2025-09-17 06:00:00,GemmaLearner,BUY,AI,117234.27,0.024895534945464776,2918.6098655910528,10.0,SMA50>SMA200 & MACD>0 & RSI>55,The rule-based strategy is not optimal due to the low price and negative MACD crossover. The improved strategy would be to wait for a breakout above the SMA50 and a bullish MACD crossover before entering a long position.,
2025-09-17 16:00:00,GemmaLearner,SELL,RULES,115640.77,0.03257274876151371,,5.0,EMA12<EMA26,None,72.52791386763667
2025-09-18 02:00:00,GemmaLearner,BUY,RULES,116950.47,0.025681150779571445,3003.422653811747,10.0,SMA50>SMA200 & MACD>0 & RSI>55,None,
2025-09-18 12:00:00,GemmaLearner,BUY,RULES,117124.69,0.02307865564835708,2703.080388430572,10.0,SMA50>SMA200 & MACD>0 & RSI>55,None,
2025-09-18 22:00:00,GemmaLearner,BUY,RULES,117061.02,0.010391043703478386,1216.3861747937574,5.0,EMA12>EMA26,None,
2025-09-19 08:00:00,GemmaLearner,SELL,RULES,116915.88,0.03390165383000837,,5.0,EMA12<EMA26,None,107.99788790515703
2025-09-19 18:00:00,GemmaLearner,SELL,RULES,115407.49,0.03220657113850796,,5.0,EMA12<EMA26,None,54.01792367028519
2025-09-20 04:00:00,GemmaLearner,SELL,RULES,115568.41,0.030596242581582556,,5.0,EMA12<EMA26,None,56.24057484299914
2025-09-20 14:00:00,GemmaLearner,SELL,RULES,115970.36,0.029066430452503428,,5.0,EMA12<EMA26,None,65.11179782123284
2025-09-21 00:00:00,GemmaLearner,SELL,AI,115660.01,0.027613108929878255,,5.0,EMA12<EMA26,The rule-based strategy is not optimal due to the bearish price action and the neutral RSI and MACD signals.,53.28647957378292
2025-09-21 10:00:00,GemmaLearner,SELL,RULES,115522.31,0.05246490696676869,,10.0,SMA50<SMA200 & MACD<0 & RSI<45,None,94.01989350086443
2025-09-21 20:00:00,GemmaLearner,SELL,RULES,115307.51,0.04721841627009182,,10.0,SMA50<SMA200 & MACD<0 & RSI<45,None,74.47538833596144
2025-09-22 06:00:00,GemmaLearner,SELL,RULES,112800.77,0.04249657464308264,,10.0,SMA50<SMA200 & MACD<0 & RSI<45,None,-39.50001401843466
2025-09-22 16:00:00,GemmaLearner,SELL,RULES,112600.68,0.038246917178774376,,10.0,SMA50<SMA200 & MACD<0 & RSI<45,None,-43.202838274892585
2025-09-23 02:00:00,GemmaLearner,SELL,RULES,111811.88,0.03442222546089693,,10.0,SMA50<SMA200 & MACD<0 & RSI<45,None,-66.03480589095842
2025-09-23 12:00:00,GemmaLearner,SELL,RULES,112941.02,0.015490001457403618,,5.0,EMA12<EMA26,None,-12.2252824053188
2025-09-23 22:00:00,GemmaLearner,SELL,RULES,112159.23,0.029431002769066874,,10.0,SMA50<SMA200 & MACD<0 & RSI<45,None,-46.23690022493475
2025-09-24 08:00:00,GemmaLearner,BUY,RULES,112622.8,0.031253620007337723,3519.870195362395,5.0,RSI>60 & price>SMA20,None,
2025-09-24 18:00:00,GemmaLearner,BUY,RULES,113639.8,0.029425225014425183,3343.876685594275,5.0,EMA12>EMA26,None,
2025-09-25 04:00:00,GemmaLearner,SELL,RULES,111735.66,0.03255578699433648,,10.0,SMA50<SMA200 & MACD<0 & RSI<45,None,-61.208299502273306
2025-09-25 14:00:00,GemmaLearner,SELL,RULES,111540.0,0.029300208294902833,,10.0,SMA50<SMA200 & MACD<0 & RSI<45,None,-60.82034830702677
2025-09-26 00:00:00,GemmaLearner,SELL,RULES,109472.13,0.02637018746541255,,10.0,SMA50<SMA200 & MACD<0 & RSI<45,None,-109.26843303042622
2025-09-26 10:00:00,GemmaLearner,SELL,RULES,108895.0,0.011866584359435647,,5.0,EMA12<EMA26,None,-56.019356695052956
2025-09-26 20:00:00,GemmaLearner,SELL,RULES,109288.44,0.011273255141463864,,5.0,EMA12<EMA26,None,-48.78303935744257
2025-09-27 06:00:00,GemmaLearner,SELL,RULES,109541.36,0.01070959238439067,,5.0,EMA12<EMA26,None,-43.63521728371053
2025-09-27 16:00:00,GemmaLearner,SELL,RULES,109389.04,0.010174112765171137,,5.0,EMA12<EMA26,None,-43.00317727591609
2025-09-28 02:00:00,GemmaLearner,SELL,RULES,109447.55,0.00966540712691258,,5.0,EMA12<EMA26,None,-40.28749544112454
2025-09-28 12:00:00,GemmaLearner,SELL,RULES,109314.99,0.018364273541133902,,10.0,SMA50<SMA200 & MACD<0 & RSI<45,None,-78.98060943874928
2025-09-28 22:00:00,GemmaLearner,BUY,RULES,111938.51,0.036270769827020516,4060.095930989634,5.0,EMA12>EMA26,None,
2025-09-29 08:00:00,GemmaLearner,BUY,RULES,112099.75,0.034407669369826005,3857.0911344401525,5.0,EMA12>EMA26,None,
2025-09-29 18:00:00,GemmaLearner,BUY,RULES,114008.79,0.03213994796118918,3664.236577718145,5.0,EMA12>EMA26,None,
2025-09-30 04:00:00,GemmaLearner,BUY,RULES,114091.63,0.030510781104908728,3481.024748832238,5.0,EMA12>EMA26,None,
2025-09-30 14:00:00,GemmaLearner,BUY,RULES,113595.05,0.029111950841085296,3306.9735113906263,5.0,EMA12>EMA26,None,
2025-10-01 00:00:00,GemmaLearner,BUY,RULES,114239.53,0.05500066108152046,6283.249671642189,10.0,SMA50>SMA200 & MACD>0 & RSI>55,None,
2025-10-01 10:00:00,GemmaLearner,BUY,RULES,116281.64,0.048631277512752404,5654.92470447797,10.0,SMA50>SMA200 & MACD>0 & RSI>55,None,
2025-10-01 20:00:00,GemmaLearner,BUY,RULES,117536.12,0.043301005971867826,5089.432234030173,10.0,SMA50>SMA200 & MACD>0 & RSI>55,None,
2025-10-02 06:00:00,GemmaLearner,BUY,RULES,118649.06,0.03860535440084528,4580.489010627156,10.0,SMA50>SMA200 & MACD>0 & RSI>55,None,
2025-10-02 16:00:00,GemmaLearner,BUY,RULES,119731.4,0.034430735041638544,4122.440109564441,10.0,SMA50>SMA200 & MACD>0 & RSI>55,None,
2025-10-03 02:00:00,GemmaLearner,BUY,RULES,120157.82,0.030877691511114268,3710.196098607996,10.0,SMA50>SMA200 & MACD>0 & RSI>55,None,
2025-10-03 12:00:00,GemmaLearner,BUY,RULES,120358.07,0.013871842946414796,1669.5882443735984,5.0,EMA12>EMA26,None,
2025-10-03 22:00:00,GemmaLearner,BUY,RULES,122477.0,0.02590051735680852,3172.2176643098373,10.0,SMA50>SMA200 & MACD>0 & RSI>55,None,
2025-10-04 08:00:00,GemmaLearner,BUY,RULES,122267.57,0.011675196856692471,1427.4979489394268,5.0,EMA12>EMA26,None,
2025-10-04 18:00:00,GemmaLearner,BUY,RULES,121574.66,0.011154652223518087,1356.1230514924555,5.0,EMA12>EMA26,None,
2025-10-05 04:00:00,GemmaLearner,BUY,RULES,125172.81,0.020584612567502998,2576.633797835665,10.0,SMA50>SMA200 & MACD>0 & RSI>55,None,
2025-10-05 14:00:00,GemmaLearner,BUY,RULES,123034.67,0.01884810531902998,2318.9704180520985,10.0,SMA50>SMA200 & MACD>0 & RSI>55,None,
2025-10-06 00:00:00,GemmaLearner,BUY,RULES,123347.29,0.008460150913112436,1043.5366881234445,5.0,EMA12>EMA26,None,
2025-10-06 10:00:00,GemmaLearner,BUY,RULES,123978.0,0.01599251244119557,1982.7197074345445,10.0,SMA50>SMA200 & MACD>0 & RSI>55,None,
2025-10-06 20:00:00,GemmaLearner,BUY,RULES,125211.02,0.014251523042389478,1784.4477366910899,10.0,SMA50>SMA200 & MACD>0 & RSI>55,None,
2025-10-07 06:00:00,GemmaLearner,BUY,RULES,123890.84,0.006481524231420099,803.0014815109904,5.0,EMA12>EMA26,None,
2025-10-07 16:00:00,GemmaLearner,SELL,AI,121684.17,0.03628934721960291,,5.0,EMA12<EMA26,The rule-based strategy is not optimal due to the overbought condition signaled by RSI.,179.68262812971412
2025-10-08 02:00:00,GemmaLearner,BUY,AI,122048.28,0.03223784431041225,3934.5734489936012,20.0,"The price is above the EMA12 and EMA26 lines, indicating a potential breakout opportunity.","The RSI is oversold, suggesting a potential reversal in price direction.",
2025-10-08 12:00:00,GemmaLearner,SELL,RULES,122631.52,0.03608677207414338,,5.0,EMA12<EMA26,None,204.29839417307545
2025-10-08 22:00:00,GemmaLearner,BUY,RULES,123200.82,0.01636650592692497,2016.3669507320164,10.0,SMA50>SMA200 & MACD>0 & RSI>55,None,
2025-10-09 08:00:00,GemmaLearner,SELL,RULES,121261.62,0.03510075876678247,,5.0,EMA12<EMA26,None,145.53307243859618
2025-10-09 18:00:00,GemmaLearner,SELL,RULES,120649.32,0.033345720828443344,,5.0,EMA12<EMA26,None,117.8388339534109
2025-10-10 04:00:00,GemmaLearner,SELL,RULES,121234.51,0.031678434787021176,,5.0,EMA12<EMA26,None,130.4847955087569
2025-10-10 14:00:00,GemmaLearner,SELL,RULES,120493.17,0.06018902609534024,,10.0,SMA50<SMA200 & MACD<0 & RSI<45,None,203.30057886111967
2025-10-11 20:00:00,GemmaLearner,SELL,RULES,110244.98,0.054170123485806215,,10.0,SMA50<SMA200 & MACD<0 & RSI<45,None,-372.1751968309968
2025-10-12 06:00:00,GemmaLearner,SELL,RULES,111686.01,0.024376555568612797,,5.0,EMA12<EMA26,None,-132.3514907029105
2025-10-12 16:00:00,GemmaLearner,BUY,RULES,114069.35,0.020257065746601754,2310.710322622127,5.0,EMA12>EMA26,None,
2025-10-13 12:00:00,GemmaLearner,BUY,RULES,114412.26,0.019186534786490718,2195.1748064910203,5.0,EMA12>EMA26,None,
2025-10-13 22:00:00,GemmaLearner,BUY,RULES,115507.19,0.018054426448833788,2085.4160661664696,5.0,EMA12>EMA26,None,
2025-10-14 08:00:00,GemmaLearner,SELL,RULES,111803.33,0.05206525827855694,,10.0,SMA50<SMA200 & MACD<0 & RSI<45,None,-262.3171341138825
2025-10-15 04:00:00,GemmaLearner,SELL,RULES,112344.81,0.02342936622535062,,5.0,EMA12<EMA26,None,-105.35617712754437
2025-10-15 14:00:00,GemmaLearner,SELL,RULES,111059.76,0.04451579582816618,,10.0,SMA50<SMA200 & MACD<0 & RSI<45,None,-257.38175997132004
2025-10-16 00:00:00,GemmaLearner,SELL,RULES,110431.27,0.04006421624534956,,10.0,SMA50<SMA200 & MACD<0 & RSI<45,None,-256.8235432422274
2025-10-16 10:00:00,GemmaLearner,SELL,RULES,111469.63,0.018028897310407303,,5.0,EMA12<EMA26,None,-96.8501086477678
2025-10-17 06:00:00,GemmaLearner,SELL,RULES,106741.28,0.034254904889773875,,10.0,SMA50<SMA200 & MACD<0 & RSI<45,None,-345.9843859663213
2025-10-18 02:00:00,GemmaLearner,SELL,RULES,106597.98,0.015414707200398243,,5.0,EMA12<EMA26,None,-157.90190122666192
2025-10-18 12:00:00,GemmaLearner,SELL,RULES,107065.17,0.014643971840378332,,5.0,EMA12<EMA26,None,-143.16528896122222
2025-10-18 22:00:00,GemmaLearner,BUY,RULES,107125.87,0.03095495092855155,3316.0760490283924,5.0,EMA12>EMA26,None,
2025-10-19 08:00:00,GemmaLearner,SELL,RULES,106443.95,0.03091904158957398,,10.0,SMA50<SMA200 & MACD<0 & RSI<45,None,-291.40947259473404
2025-10-19 18:00:00,GemmaLearner,BUY,RULES,109383.01,0.03030479315231314,3314.8294924273996,5.0,EMA12>EMA26,None,
2025-10-20 04:00:00,GemmaLearner,BUY,RULES,110422.1,0.0285186390931347,3149.0880178060293,5.0,EMA12>EMA26,None,
2025-10-20 14:00:00,GemmaLearner,BUY,RULES,111210.86,0.026900552849926054,2991.6336169157275,5.0,EMA12>EMA26,None,
2025-10-21 00:00:00,GemmaLearner,BUY,RULES,110446.69,0.02573234142254459,2842.0519360699413,5.0,EMA12>EMA26,None,
2025-10-21 10:00:00,GemmaLearner,SELL,RULES,108499.56,0.03897277008240843,,10.0,SMA50<SMA200 & MACD<0 & RSI<45,None,-225.53085104237206
2025-10-22 06:00:00,GemmaLearner,SELL,RULES,107980.02,0.017537746537083794,,5.0,EMA12<EMA26,None,-110.60044380494409
2025-10-22 16:00:00,GemmaLearner,SELL,RULES,108226.0,0.016660859210229605,,5.0,EMA12<EMA26,None,-100.97218346616468
2025-10-23 02:00:00,GemmaLearner,SELL,RULES,108410.29,0.015827816249718126,,5.0,EMA12<EMA26,None,-93.006666036196
2025-10-23 12:00:00,GemmaLearner,BUY,RULES,109164.94,0.05829735967579478,6364.027771166557,10.0,SMA50>SMA200 & MACD>0 & RSI>55,None,
2025-10-23 22:00:00,GemmaLearner,BUY,RULES,109943.94,0.02604793403824668,2863.8124970249505,5.0,EMA12>EMA26,None,
2025-10-24 08:00:00,GemmaLearner,BUY,RULES,111097.8,0.048977061151052555,5441.243744347406,10.0,SMA50>SMA200 & MACD>0 & RSI>55,None,
2025-10-24 18:00:00,GemmaLearner,BUY,RULES,110619.39,0.02213499536524594,2448.559684956333,5.0,EMA12>EMA26,None,
2025-10-25 04:00:00,GemmaLearner,BUY,RULES,111228.0,0.041826369272278854,4652.263401417033,10.0,SMA50>SMA200 & MACD>0 & RSI>55,None,
2025-10-25 14:00:00,GemmaLearner,BUY,RULES,111591.19,0.03752121526148551,4187.0370612753295,10.0,SMA50>SMA200 & MACD>0 & RSI>55,None,
2025-10-26 00:00:00,GemmaLearner,BUY,RULES,111715.98,0.01686568633756691,1884.1666775738981,5.0,EMA12>EMA26,None,
2025-10-26 10:00:00,GemmaLearner,BUY,RULES,112477.1,0.03182796042385878,3579.9166873904064,10.0,SMA50>SMA200 & MACD>0 & RSI>55,None,
2025-10-26 20:00:00,GemmaLearner,BUY,RULES,113320.8,0.02843189439759837,3221.9250186513655,10.0,SMA50>SMA200 & MACD>0 & RSI>55,None,
2025-10-27 06:00:00,GemmaLearner,BUY,RULES,116053.49,0.024986172469145296,2899.732516786229,10.0,SMA50>SMA200 & MACD>0 & RSI>55,None,
2025-10-27 16:00:00,GemmaLearner,BUY,RULES,115497.57,0.022595793704643364,2609.7592651076066,10.0,SMA50>SMA200 & MACD>0 & RSI>55,None,
2025-10-28 02:00:00,GemmaLearner,SELL,RULES,113936.94,0.03301204754207807,,5.0,EMA12<EMA26,None,35.20988884593333
2025-10-28 12:00:00,GemmaLearner,SELL,RULES,114449.55,0.03136144516497417,,5.0,EMA12<EMA26,None,49.525584809654084
2025-10-28 22:00:00,GemmaLearner,SELL,RULES,113224.08,0.029793372906725457,,5.0,EMA12<EMA26,None,10.538420873166496
2025-10-29 08:00:00,GemmaLearner,SELL,RULES,113070.94,0.028303704261389187,,5.0,EMA12<EMA26,None,5.6770705589194606
2025-10-29 18:00:00,GemmaLearner,SELL,RULES,110806.38,0.026888519048319726,,5.0,EMA12<EMA26,None,-55.49744766508976
2025-10-31 00:00:00,GemmaLearner,SELL,RULES,109317.21,0.025544093095903744,,5.0,EMA12<EMA26,None,-90.76207239746184
2025-10-31 10:00:00,GemmaLearner,BUY,RULES,109819.2,0.019661366357083432,2159.1955242418167,5.0,EMA12>EMA26,None,
2025-10-31 20:00:00,GemmaLearner,BUY,RULES,109493.85,0.01873379872960651,2051.235748029726,5.0,EMA12>EMA26,None,
2025-11-01 06:00:00,GemmaLearner,BUY,RULES,110004.82,0.017714441609269844,1948.6739606282395,5.0,EMA12>EMA26,None,
2025-11-01 16:00:00,GemmaLearner,BUY,RULES,110464.33,0.016758715348174632,1851.2402625968273,5.0,EMA12>EMA26,None,
2025-11-02 02:00:00,GemmaLearner,BUY,RULES,110015.77,0.015985692319082853,1758.678249466986,5.0,EMA12>EMA26,None,
2025-11-02 12:00:00,GemmaLearner,BUY,RULES,110736.24,0.015087602188711089,1670.7443369936366,5.0,EMA12>EMA26,None,
2025-11-02 22:00:00,GemmaLearner,SELL,RULES,109899.99,0.05892793853740994,,10.0,SMA50<SMA200 & MACD<0 & RSI<45,None,-145.82196929540763
2025-11-03 08:00:00,GemmaLearner,SELL,RULES,107586.97,0.05303514468366895,,10.0,SMA50<SMA200 & MACD<0 & RSI<45,None,-253.91112272208701
2025-11-03 18:00:00,GemmaLearner,SELL,RULES,106961.62,0.04773163021530205,,10.0,SMA50<SMA200 & MACD<0 & RSI<45,None,-258.3689854050177
2025-11-04 14:00:00,GemmaLearner,SELL,RULES,104500.01,0.042958467193771846,,10.0,SMA50<SMA200 & MACD<0 & RSI<45,None,-338.2790792933767
2025-11-05 20:00:00,GemmaLearner,BUY,RULES,103831.22,0.025772992710329366,2676.041276164605,5.0,EMA12>EMA26,None,
2025-11-06 06:00:00,GemmaLearner,BUY,RULES,103318.75,0.02460578754927227,2542.2392123563745,5.0,EMA12>EMA26,None,
2025-11-06 16:00:00,GemmaLearner,SELL,RULES,100867.2,0.043700498500354824,,10.0,SMA50<SMA200 & MACD<0 & RSI<45,None,-458.5765240815944
2025-11-07 12:00:00,GemmaLearner,SELL,RULES,99638.28,0.039330448650319344,,10.0,SMA50<SMA200 & MACD<0 & RSI<45,None,-461.0528466287854
2025-11-07 22:00:00,GemmaLearner,BUY,RULES,103633.03,0.02732203729460204,2831.465510612612,5.0,EMA12>EMA26,None,
2025-11-08 08:00:00,GemmaLearner,BUY,RULES,102431.74,0.02626033917887152,2689.892235081981,5.0,EMA12>EMA26,None,
2025-11-08 18:00:00,GemmaLearner,SELL,RULES,102139.53,0.040755641432634764,,10.0,SMA50<SMA200 & MACD<0 & RSI<45,None,-331.25770538905095
2025-11-09 04:00:00,GemmaLearner,SELL,RULES,101724.91,0.01834003864468564,,5.0,EMA12<EMA26,None,-156.67011424793236
2025-11-09 14:00:00,GemmaLearner,BUY,AI,103037.9,0.027725891787324212,2856.817665393133,5.0,"The price is above the EMA12 and EMA26 lines, indicating a potential breakout opportunity. This could lead to a significant price increase.","The inclusion of RSI and MACD indicators provides a more nuanced understanding of the market context, allowing for better risk management.",
2025-11-10 00:00:00,GemmaLearner,BUY,AI,106314.96,0.025527703552947544,2713.9767821234764,5.0,"The price is above the EMA12 and EMA26 lines, indicating a potential trend reversal. This suggests that the rule-based strategy is potentially optimal.","The rule-based strategy is able to identify potential trend reversals based on the price and RSI levels, which can help to improve trading decisions.",
2025-11-10 10:00:00,GemmaLearner,BUY,AI,105995.26,0.02432446453753972,2578.2779430173023,5.0,"The price is above the EMA12 and EMA26 lines, indicating a potential breakout opportunity.",The rule-based strategy is slightly improved by focusing on price action above the EMA lines.,
2025-11-10 20:00:00,GemmaLearner,BUY,AI,106010.73,0.023104869156796083,2449.364045866437,5.0,"The price is above the EMA12 and EMA26 lines, indicating a potential bullish reversal. This suggests that the rule-based strategy is likely to be optimal.","The improved rule-based strategy considers both the price and the RSI and MACD indicators, leading to a more nuanced and accurate decision.",
2025-11-11 06:00:00,GemmaLearner,BUY,AI,105261.27,0.02210590698338634,2326.895843573115,5.0,"The price is above the EMA12 and EMA26 lines, indicating a potential bullish reversal. This suggests that the rule-based strategy is likely to generate a profit.","The improved rule-based strategy considers both the price and the relative strength of the trend and volume indicators, leading to a more accurate decision.",
2025-11-11 16:00:00,GemmaLearner,BUY,AI,103399.43,0.02137875471261746,2210.551051394459,5.0,"Price is above EMA12 and EMA26, suggesting bullish reversal. This indicates a potential breakout opportunity.",The rule-based strategy is not optimal. Including additional indicators like RSI and MACD could improve the accuracy of the decision.,
2025-11-12 02:00:00,GemmaLearner,BUY,AI,103151.66,0.020358601100794075,2100.023498824736,5.0,"The price is above the EMA12 and EMA26 lines, indicating a potential bullish reversal. This suggests that the rule-based strategy may be overvalued.","The RSI is oversold, suggesting that the price may continue to rise. The MACD is also showing a bearish crossover, indicating a potential bearish reversal. These indicators suggest that the rule-based strategy may be overvalued and should be bought instead.",
2025-11-12 12:00:00,GemmaLearner,BUY,AI,104993.74,0.03800269090106704,3990.0446477669984,10.0,SMA50>SMA200 & MACD>0 & RSI>55,The rule-based strategy is not optimal due to the low price and negative MACD crossover. The improved strategy would be to wait for a breakout above the SMA50 and a bullish MACD crossover before entering a long position.,
2025-11-12 22:00:00,GemmaLearner,BUY,AI,101978.96,0.03521353995952006,3591.0401829902985,10.0,"The price is above the EMA26, indicating a potential bullish breakout. This breakout could lead to a significant price increase.",The inclusion of RSI and MACD indicators provides a more nuanced understanding of the market context.,
2025-11-13 08:00:00,GemmaLearner,BUY,AI,103684.06,0.015585501593452596,1615.9680823456345,5.0,RSI>60 & price>SMA20,The rule-based strategy is not optimal due to the low price and RSI value.,
2025-11-15 10:00:00,GemmaLearner,BUY,AI,95952.13,0.01599932881352767,1535.1696782283527,5.0,"RSI>60 & price>SMA20, indicating a potential bullish reversal with increased risk","The rule-based strategy is not optimal due to the bearish trend and normal volatility. The RSI and MACD indicators suggest a potential bearish reversal, which the rule-based strategy might not adequately capture.",
2025-11-15 20:00:00,GemmaLearner,SELL,RULES,95277.52,0.061778798734799995,,10.0,SMA50<SMA200 & MACD<0 & RSI<45,None,-753.069110194207
2025-11-16 06:00:00,GemmaLearner,SELL,AI,95813.53,0.055600918861319994,,10.0,SMA50<SMA200 & MACD<0 & RSI<45,"The rule-based decision is not optimal. The RSI is too high (55.60), indicating potential overbought conditions. This could lead to a false signal to sell.",-647.9595506559297
2025-11-16 16:00:00,GemmaLearner,SELL,RULES,94224.47,0.050040826975187996,,10.0,SMA50<SMA200 & MACD<0 & RSI<45,None,-662.6814721035296
2025-11-17 12:00:00,GemmaLearner,BUY,AI,95312.23,0.023657376039682956,2254.837266290751,5.0,"The price is above the EMA12 and EMA26 lines, indicating a potential uptrend. This suggests that the rule-based strategy is potentially optimal.","The RSI is neutral, indicating a balanced market. The MACD is also neutral, suggesting that the strategy is not overly bullish or bearish.",
2025-11-18 08:00:00,GemmaLearner,SELL,AI,91220.0,0.04740248188163749,,10.0,SMA50<SMA200 & MACD<0 & RSI<45,"The rule-based decision is not optimal. The RSI is too high (58.2), indicating potential overbought conditions. This could lead to missed opportunities on the upside.",-741.406014368192
2025-11-18 18:00:00,GemmaLearner,BUY,RULES,93331.08,0.02526808993143937,2358.2981228383624,5.0,RSI>60 & price>SMA20,None,
2025-11-19 04:00:00,GemmaLearner,SELL,AI,91163.2,0.02259452134330884,,5.0,EMA12<EMA26,"The rule-based strategy is not optimal due to the bearish price trend and neutral RSI. The EMA12<EMA26 condition is not met, indicating a potential reversal in price direction.",-337.58322324260973
2025-11-19 14:00:00,GemmaLearner,SELL,AI,91713.44,0.04292959055228679,,10.0,The current bearish market context with low RSI and MACD signals suggests a potential reversal. This aligns with the rule to sell when the SMA50 is below the SMA200 and the MACD is negative.,The improved reasoning considers the current market context and the specific indicators used in the rule.,-617.7865462554673
2025-11-20 10:00:00,GemmaLearner,BUY,RULES,91801.39,0.027670971882558064,2540.233681469747,5.0,EMA12>EMA26,None,
2025-11-22 12:00:00,GemmaLearner,SELL,RULES,83884.0,0.02070186434265696,,5.0,EMA12<EMA26,None,-440.20963367278614
2025-11-22 22:00:00,GemmaLearner,BUY,RULES,85072.88,0.02938715318938575,2500.0497568222313,5.0,RSI>60 & price>SMA20,None,
2025-11-23 08:00:00,GemmaLearner,BUY,AI,86137.19,0.027572843611233654,2375.0472689811195,5.0,"The price is above the EMA12 and EMA26 lines, indicating a potential breakout opportunity. This could lead to a significant price increase.",The inclusion of RSI and MACD indicators helps identify potential trend changes and volatility.,
2025-11-23 18:00:00,GemmaLearner,BUY,RULES,86995.02,0.02593590880871185,2256.2949055320637,5.0,EMA12>EMA26,None,
2025-11-24 04:00:00,GemmaLearner,BUY,RULES,86738.37,0.02471201799452146,2143.4801602554603,5.0,EMA12>EMA26,None,
